id,name,amount,cosmetic,event_tags
service_1_id,Maintenance Service,2500,false,
service_2_id,Transmission Service,1200,false,
service_3_id,Routine Service,150,false,
service_4_id,Garage Rent,50,false,
insurance_third_party_annual,Third-party insurance annual premium,1000,false,
insurance_basic_annual,Insurance up to 3000 annual premium,3000,false,
insurance_full_annual,Full insurance annual premium,6000,false,
manager_monthly_fee,Manager monthly fee,300,false,
formula_ford_tires,Formula Ford race tire set,600,false,race
formula_ford_oil,Formula Ford oil change,150,false,
formula_ford_engine,Formula Ford engine rebuild,4500,false,
formula_ford_gearbox,Formula Ford gearbox rebuild,3500,false,
formula_ford_insurance,Formula Ford annual insurance,1800,false,
formula_ford_repair,Formula Ford unexpected repair,1000,false,
cosmetic_fix,Cosmetic damage repair,350,true,
bolt_on_repair,Bolt-on damage repair,1200,false,
factory_rebuild,Major damage rebuild,5000,false,
caterham_320_tires,Caterham 200 race tire set,700,false,race
caterham_320_oil,Caterham 200 oil change,180,false,
caterham_320_engine,Caterham 200 engine rebuild,5000,false,
caterham_320_gearbox,Caterham 200 gearbox rebuild,4000,false,
caterham_320_insurance,Caterham 200 annual insurance,2000,false,
btcc_toca_tires,BTCC/ToCa race tire set,1200,false,race
btcc_toca_oil,BTCC/ToCa oil change,300,false,
btcc_toca_engine,BTCC/ToCa engine rebuild,20000,false,
btcc_toca_gearbox,BTCC/ToCa gearbox rebuild,15000,false,
btcc_toca_insurance,BTCC/ToCa annual insurance,6000,false,
ngt_tires,NGT race tire set,1800,false,race
ngt_oil,NGT oil change,400,false,
ngt_engine,NGT engine rebuild,30000,false,
ngt_gearbox,NGT gearbox rebuild,22000,false,
ngt_insurance,NGT annual insurance,12000,false,
gt_tires,GT race tire set,2400,false,race
gt_oil,GT oil change,550,false,
gt_engine,GT engine rebuild,55000,false,
gt_gearbox,GT gearbox rebuild,35000,false,
gt_insurance,GT annual insurance,22000,false,
porsche_cup_tires,Porsche Cup race tire set,1200,false,race
porsche_cup_oil,Porsche Cup oil change,300,false,
porsche_cup_engine,Porsche Cup engine rebuild,18000,false,
porsche_cup_gearbox,Porsche Cup gearbox rebuild,12000,false,
porsche_cup_insurance,Porsche Cup annual insurance,5000,false,
ford_fiesta_st150_cup_tires,Ford Fiesta ST150 race tire set,500,false,race
ford_fiesta_st150_cup_oil,Ford Fiesta ST150 oil change,120,false,
ford_fiesta_st150_cup_engine,Ford Fiesta ST150 engine rebuild,3000,false,
ford_fiesta_st150_cup_gearbox,Ford Fiesta ST150 gearbox rebuild,2500,false,
ford_fiesta_st150_cup_insurance,Ford Fiesta ST150 annual insurance,1200,false,
honda_civic_cup_tires,Honda Civic Cup race tire set,500,false,race
honda_civic_cup_oil,Honda Civic Cup oil change,120,false,
honda_civic_cup_engine,Honda Civic Cup engine rebuild,3000,false,
honda_civic_cup_gearbox,Honda Civic Cup gearbox rebuild,2500,false,
honda_civic_cup_insurance,Honda Civic Cup annual insurance,1200,false,
tvr_t400r_tires,TVR T400R race tire set,1000,false,race
tvr_t400r_oil,TVR T400R oil change,250,false,
tvr_t400r_engine,TVR T400R engine rebuild,12000,false,
tvr_t400r_gearbox,TVR T400R gearbox rebuild,9000,false,
tvr_t400r_insurance,TVR T400R annual insurance,4500,false,
ginetta_gt4_tires,Ginetta GT4 race tire set,900,false,race
ginetta_gt4_oil,Ginetta GT4 oil change,220,false,
ginetta_gt4_engine,Ginetta GT4 engine rebuild,10000,false,
ginetta_gt4_gearbox,Ginetta GT4 gearbox rebuild,7500,false,
ginetta_gt4_insurance,Ginetta GT4 annual insurance,3500,false,
hhcup_tires,HHCup race tire set,600,false,race
hhcup_oil,HHCup oil change,150,false,
hhcup_engine,HHCup engine rebuild,4000,false,
hhcup_gearbox,HHCup gearbox rebuild,3500,false,
hhcup_insurance,HHCup annual insurance,1800,false,
hhcup_300_tires,HHCup 300 race tire set,700,false,race
hhcup_300_oil,HHCup 300 oil change,180,false,
hhcup_300_engine,HHCup 300 engine rebuild,6000,false,
hhcup_300_gearbox,HHCup 300 gearbox rebuild,5000,false,
hhcup_300_insurance,HHCup 300 annual insurance,2500,false,
car_formula_ford_brakes,Formula Ford Brakes,800,false,
car_formula_ford_cosmetic,Formula Ford Cosmetic,300,false,
car_formula_ford_bolt_on,Formula Ford Bolt On,1200,false,
car_formula_ford_factory,Formula Ford Factory,7000,false,
car_caterham_320_brakes,Caterham 200 Brakes,1000,false,
car_caterham_320_cosmetic,Caterham 200 Cosmetic,400,false,
car_caterham_320_bolt_on,Caterham 200 Bolt On,1500,false,
car_caterham_320_factory,Caterham 200 Factory,8500,false,
car_btcc_toca_brakes,Btcc Toca Brakes,3000,false,
car_btcc_toca_cosmetic,Btcc Toca Cosmetic,950,false,
car_btcc_toca_bolt_on,Btcc Toca Bolt On,3500,false,
car_btcc_toca_factory,Btcc Toca Factory,35000,false,
car_ngt_brakes,Ngt Brakes,5000,false,
car_ngt_cosmetic,Ngt Cosmetic,1500,false,
car_ngt_bolt_on,Ngt Bolt On,6000,false,
car_ngt_factory,Ngt Factory,50000,false,
car_gt_brakes,Gt Brakes,7000,false,
car_gt_cosmetic,Gt Cosmetic,2500,false,
car_gt_bolt_on,Gt Bolt On,9000,false,
car_gt_factory,Gt Factory,95000,false,
car_tvr_t400r_brakes,Tvr T400R Brakes,2500,false,
car_tvr_t400r_cosmetic,Tvr T400R Cosmetic,900,false,
car_tvr_t400r_bolt_on,Tvr T400R Bolt On,3500,false,
car_tvr_t400r_factory,Tvr T400R Factory,20000,false,
car_hot_hatch_brakes,Hot Hatch Brakes,800,false,
car_hot_hatch_cosmetic,Hot Hatch Cosmetic,300,false,
car_hot_hatch_bolt_on,Hot Hatch Bolt On,1200,false,
car_hot_hatch_factory,Hot Hatch Factory,7000,false,
car_hot_hatch_300_brakes,Hot Hatch 300 Brakes,1200,false,
car_hot_hatch_300_cosmetic,Hot Hatch 300 Cosmetic,400,false,
car_hot_hatch_300_bolt_on,Hot Hatch 300 Bolt On,1800,false,
car_hot_hatch_300_factory,Hot Hatch 300 Factory,10000,false,
car_honda_brakes,Honda Brakes,600,false,
car_honda_cosmetic,Honda Cosmetic,200,false,
car_honda_bolt_on,Honda Bolt On,800,false,
car_honda_factory,Honda Factory,5000,false,
car_ford_fiesta_st150_brakes,Ford Fiesta ST150 Brakes,600,false,
car_ford_fiesta_st150_cosmetic,Ford Fiesta ST150 Cosmetic,200,false,
car_ford_fiesta_st150_bolt_on,Ford Fiesta ST150 Bolt On,800,false,
car_ford_fiesta_st150_factory,Ford Fiesta ST150 Factory,5000,false,
